label,mean_val1,mean_val2,
D,-0.9629437229437229,-2.1290476190476197
B,0.013730468749999974,5.381894531250002
A,-6.872917466410744,-0.009347408829174678
C,5.962514851485144,0.017405940594059408
