label,mean_val1,mean_val2
D,-0.9702159827213821,-2.1292224622030242C,5.962514851485144,0.017405940594059408A,-6.877807692307688,-0.005115384615384621B,0.013730468749999974,5.381894531250002